Workbook

Sheet Pokemon
A1: # | B1: Name | C1: Type 1 | D1: Type 2 | E1: Total | F1: HP | G1: Attack | H1: Defense | I1: Sp. Atk | J1: Sp. Def | K1: Speed | L1: Generation | M1: Legendary | N1: Mega
A2: 1 | B2: Bulbasaur | C2: Grass | D2: Poison | E2: 318 | F2: 45 | G2: 49 | H2: 49 | I2: 65 | J2: 65 | K2: 45 | L2: 1 | M2: FALSE | N2: =COUNTIF(B2,"*Mega*")>0 -> FALSE
A3: 2 | B3: Ivysaur | C3: Grass | D3: Poison | E3: 405 | F3: 60 | G3: 62 | H3: 63 | I3: 80 | J3: 80 | K3: 60 | L3: 1 | M3: FALSE | N3: =COUNTIF(B3,"*Mega*")>0 -> FALSE
A4: 3 | B4: Venusaur | C4: Grass | D4: Poison | E4: 525 | F4: 80 | G4: 82 | H4: 83 | I4: 100 | J4: 100 | K4: 80 | L4: 1 | M4: FALSE | N4: =COUNTIF(B4,"*Mega*")>0 -> FALSE
A5: 3 | B5: VenusaurMega Venusaur | C5: Grass | D5: Poison | E5: 625 | F5: 80 | G5: 100 | H5: 123 | I5: 122 | J5: 120 | K5: 80 | L5: 1 | M5: FALSE | N5: =COUNTIF(B5,"*Mega*")>0 -> TRUE
A6: 4 | B6: Charmander | C6: Fire | D6: N/A | E6: 309 | F6: 39 | G6: 52 | H6: 43 | I6: 60 | J6: 50 | K6: 65 | L6: 1 | M6: FALSE | N6: =COUNTIF(B6,"*Mega*")>0 -> FALSE
A7: 5 | B7: Charmeleon | C7: Fire | D7: N/A | E7: 405 | F7: 58 | G7: 64 | H7: 58 | I7: 80 | J7: 65 | K7: 80 | L7: 1 | M7: FALSE | N7: =COUNTIF(B7,"*Mega*")>0 -> FALSE
A8: 6 | B8: Charizard | C8: Fire | D8: Flying | E8: 534 | F8: 78 | G8: 84 | H8: 78 | I8: 109 | J8: 85 | K8: 100 | L8: 1 | M8: FALSE | N8: =COUNTIF(B8,"*Mega*")>0 -> FALSE
A9: 6 | B9: CharizardMega Charizard X | C9: Fire | D9: Dragon | E9: 634 | F9: 78 | G9: 130 | H9: 111 | I9: 130 | J9: 85 | K9: 100 | L9: 1 | M9: FALSE | N9: =COUNTIF(B9,"*Mega*")>0 -> TRUE
A10: 6 | B10: CharizardMega Charizard Y | C10: Fire | D10: Flying | E10: 634 | F10: 78 | G10: 104 | H10: 78 | I10: 159 | J10: 115 | K10: 100 | L10: 1 | M10: FALSE | N10: =COUNTIF(B10,"*Mega*")>0 -> TRUE
A11: 7 | B11: Squirtle | C11: Water | D11: N/A | E11: 314 | F11: 44 | G11: 48 | H11: 65 | I11: 50 | J11: 64 | K11: 43 | L11: 1 | M11: FALSE | N11: =COUNTIF(B11,"*Mega*")>0 -> FALSE
A12: 8 | B12: Wartortle | C12: Water | D12: N/A | E12: 405 | F12: 59 | G12: 63 | H12: 80 | I12: 65 | J12: 80 | K12: 58 | L12: 1 | M12: FALSE | N12: =COUNTIF(B12,"*Mega*")>0 -> FALSE
A13: 9 | B13: Blastoise | C13: Water | D13: N/A | E13: 530 | F13: 79 | G13: 83 | H13: 100 | I13: 85 | J13: 105 | K13: 78 | L13: 1 | M13: FALSE | N13: =COUNTIF(B13,"*Mega*")>0 -> FALSE
... A801: 721 | B801: Volcanion | C801: Fire | D801: Water | E801: 600 | F801: 80 | G801: 110 | H801: 120 | I801: 130 | J801: 90 | K801: 70 | L801: 6 | M801: TRUE | N801: =COUNTIF(B801,"*Mega*")>0 -> FALSE

Sheet Filtered Stats (All)
A1: Type 1 | B1: (All)
A2: Type 2 | B2: (All)
A3: Generation | B3: (All)
A4: Legendary | B4: (All)
A5: Mega | B5: FALSE
A7: Name | B7: Sum of Total | C7: Sum of HP | D7: Sum of Attack | E7: Sum of Defense | F7: Sum of Sp. Atk | G7: Sum of Sp. Def | H7: Sum of Speed
A8: Abomasnow | B8: 494 | C8: 90 | D8: 92 | E8: 75 | F8: 92 | G8: 85 | H8: 60
A9: Abra | B9: 310 | C9: 25 | D9: 20 | E9: 15 | F9: 105 | G9: 55 | H9: 90
A10: Absol | B10: 465 | C10: 65 | D10: 130 | E10: 60 | F10: 75 | G10: 60 | H10: 75
A11: Accelgor | B11: 495 | C11: 80 | D11: 70 | E11: 40 | F11: 100 | G11: 60 | H11: 145
A12: AegislashBlade Forme | B12: 520 | C12: 60 | D12: 150 | E12: 50 | F12: 150 | G12: 50 | H12: 60
A13: AegislashShield Forme | B13: 520 | C13: 60 | D13: 50 | E13: 150 | F13: 50 | G13: 150 | H13: 60
A14: Aerodactyl | B14: 515 | C14: 80 | D14: 105 | E14: 65 | F14: 60 | G14: 75 | H14: 130
A15: Aggron | B15: 530 | C15: 70 | D15: 110 | E15: 180 | F15: 60 | G15: 60 | H15: 50
A16: Aipom | B16: 360 | C16: 55 | D16: 70 | E16: 55 | F16: 40 | G16: 55 | H16: 85
A17: Alakazam | B17: 500 | C17: 55 | D17: 50 | E17: 45 | F17: 135 | G17: 95 | H17: 120
A18: Alomomola | B18: 470 | C18: 165 | D18: 75 | E18: 80 | F18: 40 | G18: 45 | H18: 65
A19: Altaria | B19: 490 | C19: 75 | D19: 70 | E19: 90 | F19: 70 | G19: 105 | H19: 80
... A758: Grand Total | B758: 317400 | C758: 51485 | D758: 56984 | E758: 53794 | F758: 52614 | G758: 52596 | H758: 49927

Sheet Filtered Stats (Mega)
B2: Mega | C2: TRUE
B3: Type 2 | C3: (All)
B4: Type 1 | C4: (All)
B6: Name | C6: Sum of # | D6: Sum of HP | E6: Sum of Attack | F6: Sum of Defense | G6: Sum of Sp. Atk | H6: Sum of Sp. Def | I6: Sum of Speed | J6: Sum of Generation
B7: AbomasnowMega Abomasnow | C7: 460 | D7: 90 | E7: 132 | F7: 105 | G7: 132 | H7: 105 | I7: 30 | J7: 4
B8: AbsolMega Absol | C8: 359 | D8: 65 | E8: 150 | F8: 60 | G8: 115 | H8: 60 | I8: 115 | J8: 3
B9: AerodactylMega Aerodactyl | C9: 142 | D9: 80 | E9: 135 | F9: 85 | G9: 70 | H9: 95 | I9: 150 | J9: 1
B10: AggronMega Aggron | C10: 306 | D10: 70 | E10: 140 | F10: 230 | G10: 60 | H10: 80 | I10: 50 | J10: 3
B11: AlakazamMega Alakazam | C11: 65 | D11: 55 | E11: 50 | F11: 65 | G11: 175 | H11: 95 | I11: 150 | J11: 1
B12: AltariaMega Altaria | C12: 334 | D12: 75 | E12: 110 | F12: 110 | G12: 110 | H12: 105 | I12: 80 | J12: 3
B13: AmpharosMega Ampharos | C13: 181 | D13: 90 | E13: 95 | F13: 105 | G13: 165 | H13: 110 | I13: 45 | J13: 2
B14: AudinoMega Audino | C14: 531 | D14: 103 | E14: 60 | F14: 126 | G14: 80 | H14: 126 | I14: 50 | J14: 5
B15: BanetteMega Banette | C15: 354 | D15: 64 | E15: 165 | F15: 75 | G15: 93 | H15: 83 | I15: 75 | J15: 3
B16: BeedrillMega Beedrill | C16: 15 | D16: 65 | E16: 150 | F16: 40 | G16: 15 | H16: 80 | I16: 145 | J16: 1
B17: BlastoiseMega Blastoise | C17: 9 | D17: 79 | E17: 103 | F17: 120 | G17: 135 | H17: 115 | I17: 78 | J17: 1
B18: BlazikenMega Blaziken | C18: 257 | D18: 80 | E18: 160 | F18: 80 | G18: 130 | H18: 80 | I18: 100 | J18: 3
... B57: Grand Total | C57: 13058 | D57: 3922 | E57: 6217 | F57: 5280 | G57: 5642 | H57: 4926 | I57: 4695 | J57: 124

Sheet Individual
B2: Number (#) | C2: 82 | D2: Name: | E2: =_xlfn.XLOOKUP(Individual!C2,Pokemon['#],Pokemon[Name],,FALSE) -> Magneton
D3: Type(s): | E3: {=_xlfn.XLOOKUP(Individual!C2,Pokemon['#],Pokemon[[Type 1]:[Type 2]],,FALSE)} -> Electric | F3: Steel
B4: Stat Values | D4: Generation: | E4: =_xlfn.XLOOKUP(Individual!C2,Pokemon['#],Pokemon[Generation],,FALSE) -> 1
B5: Sum of HP | C5: 50
B6: Sum of Attack | C6: 60
B7: Sum of Defense | C7: 95
B8: Sum of Sp. Atk | C8: 120
B9: Sum of Speed | C9: 70
B10: Sum of Sp. Def | C10: 70
B21: Number (#) | C21: 6
C23: Name
B24: Values | C24: CharizardMega Charizard X | D24: CharizardMega Charizard Y | E24: Grand Total
B25: HP | C25: 78 | D25: 78 | E25: 156
B26: Sp. Def | C26: 85 | D26: 115 | E26: 200
B27: Speed | C27: 100 | D27: 100 | E27: 200
B28: Defense | C28: 111 | D28: 78 | E28: 189
B29: Attack | C29: 130 | D29: 104 | E29: 234
B30: Sp. Atk | C30: 130 | D30: 159 | E30: 289
B32: Type(s): | C32: {=_xlfn.XLOOKUP(Individual!C24,Pokemon[Name],Pokemon[[Type 1]:[Type 2]],,FALSE)} -> Fire | D32: Dragon
B33: Type(s): | C33: {=_xlfn.XLOOKUP(Individual!D24,Pokemon[Name],Pokemon[[Type 1]:[Type 2]],,FALSE)} -> Fire | D33: Flying
B34: Generation: | C34: =_xlfn.XLOOKUP(Individual!C24,Pokemon[Name],Pokemon[Generation],,FALSE) -> 1
